bucket,n_options,mean_adjustment,median_adjustment,mean_adjustment_pct,mean_iv_change,mean_iv_change_pct,mean_raw_iv,mean_repaired_iv
Deep OTM,1695,0.016888613527161582,0.0018104200269277726,0.013357908351139718,0.12438599294587438,305.2936693356299,50.67637294592453,50.800758938870395
OTM,566,0.06766762865471376,0.002761661520398917,0.1048088390213501,0.6990338276600048,2.079446676336935,30.421845656984196,31.1208794846442
ATM,1300,0.004088802416642324,0.0028586345570431604,0.6838878182938803,0.007975455329286545,0.08896741640105109,19.552749903175943,19.56072535850523
ITM,298,0.0068373709622186135,0.0034712826435488193,5.683552641407098,0.07455766579706839,0.39798936894534587,17.168363418529818,17.24292108432689
Deep ITM,578,0.008518077439416787,0.004922844622733985,0.8432766528335673,0.013928794110450464,0.08382589718098961,19.770857776715257,19.784786570825702
